/*
SQLyog Ultimate v10.51 
MySQL - 8.0.19 : Database - graduation_bbs
*********************************************************************
*/

/*!40101 SET NAMES utf8 */;

/*!40101 SET SQL_MODE=''*/;

/*!40014 SET @OLD_UNIQUE_CHECKS=@@UNIQUE_CHECKS, UNIQUE_CHECKS=0 */;
/*!40101 SET @OLD_SQL_MODE=@@SQL_MODE, SQL_MODE='NO_AUTO_VALUE_ON_ZERO' */;
/*!40111 SET @OLD_SQL_NOTES=@@SQL_NOTES, SQL_NOTES=0 */;
/*Table structure for table `admin_info` */

CREATE TABLE `admin_info` (
  `aid` int NOT NULL AUTO_INCREMENT,
  `anickname` varchar(255) COLLATE utf8_bin NOT NULL,
  `apassword` varchar(255) COLLATE utf8_bin NOT NULL,
  PRIMARY KEY (`aid`)
) ENGINE=InnoDB AUTO_INCREMENT=2 DEFAULT CHARSET=utf8 COLLATE=utf8_bin;

/*Data for the table `admin_info` */

insert  into `admin_info`(`aid`,`anickname`,`apassword`) values (1,'admin0101','e10adc3949ba59abbe56e057f20f883e');

/*Table structure for table `post_info` */

CREATE TABLE `post_info` (
  `pid` int NOT NULL AUTO_INCREMENT,
  `uid` int NOT NULL,
  `ptitle` varchar(255) COLLATE utf8_bin NOT NULL,
  `ptext` text COLLATE utf8_bin NOT NULL,
  `ptime` varchar(255) COLLATE utf8_bin NOT NULL,
  `ptop` int NOT NULL DEFAULT '0',
  `pnice` int NOT NULL DEFAULT '0',
  `pfile` varchar(255) COLLATE utf8_bin DEFAULT NULL,
  PRIMARY KEY (`pid`)
) ENGINE=InnoDB AUTO_INCREMENT=12 DEFAULT CHARSET=utf8 COLLATE=utf8_bin;

/*Data for the table `post_info` */

insert  into `post_info`(`pid`,`uid`,`ptitle`,`ptext`,`ptime`,`ptop`,`pnice`,`pfile`) values (1,1,'utf8不乱码','<div><h4>给大家说一下：</h4></div><span style=\"font-style: italic;\"><span style=\"font-weight: bold;\">utf8编码不会乱码。</span></span><p><br></p>','2020-04-17 09:53:05',1,1,'uploadfile\\mysql-connector-java-8.0.11.zip'),(2,3,'java论坛系统bbs','<p>jsp论坛系统<br></p>','2020-04-22 14:07:25',0,1,''),(8,3,'高校多久开学','<p><span style=\"font-weight: bold;\">大家好：</span></p><p><span style=\"font-style: italic;\">小伙伴们知道多久开学吗？</span></p><p><span style=\"font-style: italic;\"><img src=\"data:image/jpeg;base64,/9j/4AAQSkZJRgABAQAAAQABAAD/2wBDAAgGBgcGBQgHBwcJCQgKDBQNDAsLDBkSEw8UHRofHh0aHBwgJC4nICIsIxwcKDcpLDAxNDQ0Hyc5PTgyPC4zNDL/2wBDAQkJCQwLDBgNDRgyIRwhMjIyMjIyMjIyMjIyMjIyMjIyMjIyMjIyMjIyMjIyMjIyMjIyMjIyMjIyMjIyMjIyMjL/wAARCAGSAb4DASIAAhEBAxEB/8QAHwAAAQUBAQEBAQEAAAAAAAAAAAECAwQFBgcICQoL/8QAtRAAAgEDAwIEAwUFBAQAAAF9AQIDAAQRBRIhMUEGE1FhByJxFDKBkaEII0KxwRVS0fAkM2JyggkKFhcYGRolJicoKSo0NTY3ODk6Q0RFRkdISUpTVFVWV1hZWmNkZWZnaGlqc3R1dnd4eXqDhIWGh4iJipKTlJWWl5iZmqKjpKWmp6ipqrKztLW2t7i5usLDxMXGx8jJytLT1NXW19jZ2uHi4+Tl5ufo6erx8vP09fb3+Pn6/8QAHwEAAwEBAQEBAQEBAQAAAAAAAAECAwQFBgcICQoL/8QAtREAAgECBAQDBAcFBAQAAQJ3AAECAxEEBSExBhJBUQdhcRMiMoEIFEKRobHBCSMzUvAVYnLRChYkNOEl8RcYGRomJygpKjU2Nzg5OkNERUZHSElKU1RVVldYWVpjZGVmZ2hpanN0dXZ3eHl6goOEhYaHiImKkpOUlZaXmJmaoqOkpaanqKmqsrO0tba3uLm6wsPExcbHyMnK0tPU1dbX2Nna4uPk5ebn6Onq8vP09fb3+Pn6/9oADAMBAAIRAxEAPwD36iiigAooooAKKKKACiiigAooooAKKKKACiiigAooooAKKKKACiig8CgAopu4U7NABRQTikyO1AC0VEbiES+SZU83Gdm75sfSpNwoAWik3Cq95fWthbSXN3PHBBGNzySNgKKALGayNa8U6J4ejV9V1KC23NtVWOWY+yjk15vrvxO1DWne18LQ+Ta52nUJ1+9/uL/U1yWheHoNW+IFiuoTvdfZkN7eXFy+4kA/KPYZ59KAPopJFkjV1OQwyPpTs815X4l+MVvYW9y+h6e9/HADvuZDsi/4D3avSNNnmuNLtJ7mMRTyQo8sY/hYqCR+dAF2iqj6lYpcJbvdwrM52rGXGWPpirdABRRRQAUUUUAFFFFABRRRQAUUUUAFFFFABRRRQAUUUUAFFFFABRRRQAUUUUALRRRQAUUUUAFFFFABRRSE4oAWik3UgYE4oAdRTScGlBzQAtFFFABRRRQAUUUUAFI33TSbuOmfasTxD4t0Xwxa+dqt7HCSPliB3SN9F6mgDnviJ4h8U+F7eDUtGtLC509OLoTq5aPn73yn7tYlh8XryJVfWPDsnksM/adPlEy49dpwQPzrN1n4k634ihltdE01LGwkUq11ejc7KfRO341yHh5bqxluNKuS0gh+eKXbwynt+dAHsl58TPD6eFrvWbG6S6Nuv/HtnbIXPAUg8g5rM0r4xeHrm1B1VbjS7wD54JY2YZ/2WA5rz650awu7hJ5bdTIrBsjjdj19auNEj4LorfUUAUdWuP8AhMfF1/4hSS5tbfCwWLxu0cm1f4/xOa6DRPiBrvhh0h1zdq2l9PtaLieEf7Q/jH61ngBQAOPpQRkYIyPQ0Aen6r4+0DS9Ai1j7YtxFOM28cJ3PKfQD/OK8o1S91bxjdi711zFZqd1vpsbfIg7F/7zfyqvb6HY2t411HGdx5UE5VPXaO2a0aAGqiou1VAXoBis270hrrUDcC7liikjEU8KHAmUHIB9s/nWpRQBz/iSe2tLSxt5Yna2e5jDxQrktGpBZQPUgYrWvPFPjf4jaq2laKf7NgB+eOB/9UvrLJ6/7K1DqlpcXsMcUEiRc/PIVyyjvt96is9F/somTSb26sZjyzxSffPqw70AeneD/hTo/hmaO/upJdS1ZWD/AGm4bO1vVR2/HNehV4pp/j/xdoxC3kNvrNuvXafKmx/I13OgfEzw7rsq2xnaxvj/AMu12NjZ9j0b8KAOyopobcMilzQAtFFFABRRRQAUUUmaAFopu6s+91/SdOQtealaQKOvmTKMUAaVFcVd/FbwXZAl9chkA6mFWk/9BFdDomu2fiHS49R08yNbSEhDJGUJx7GgDUopCcfSgNmgBaKKKACiiigAooooAKKKKACiiigAooooAKYzhQSxAA6k1U1PVLTSNOuL++mSG2gQu8jHoK8G8SeONY8ZzOkEsunaJn5IkO2aYernt9KAPXNX+IvhbRZDFd6tB5o/5Zxne36VjH40+Ef+e12f+3dq8fgsLW2H7uFQfUjJ/OpW8tF3PtVR3PFAHpuv+LvDHjbSGsbDxTJpd8p3wyBmiO7B4b1HNeb2fiTxfp91LY/8JReLc25wyyMs6MOzLnqDVZoLa5X5o45F9eD+tV4dHtLe9W7hVkkA24B4I+lAHY2nxN8a2JCzDTdRQf3o2ic/ivH6V0Wn/GuBSF1jQrq0z1khYSp/j+led4oxxjtQB7vo/jzw1ruBY6rAX/55u2xvyNdEHyMjp618vTWFtcHc8S7v7w4I/GtLSfEXifw46/2VqzT26nm0vPnUj2PUUAfSIORS14tH8Y/EK48zw5ZOf9i6K/zFaFv8bFU/8TDwxfwjHJglWX/4mgD1mq13eW9lbPc3U0cMKDLO7YAriI/jD4Pe0kna+likjXd5EsDLIx/uqCPmP0rzzV9W1bxvd/adV3Wmlg5g05W/h7GQ9z7UAdF4g+KOoatLJYeEYRHFyr6lcLwP+ua9/rXJW2jQpdG9vJZL++b71zcnexPtnp+FaKRpEgRFCqOABTqAD09qKKKACiiigAooooAKKKKACiiigA6UUUUAHtVW90201CLZcwJIOxIwV+hHSrVFADtG8T+JPB5URTvrGlD71tcN++jX1R+/0Ner6F4z0XX9NN7a3aIq8SpK21oz6MDXk1c/r/h5b6Nriz/d3S87eiy/7LUAe333xH8J6eSs2s25YHGI23/yrKb4yeEwcCa7b3Fu1eKaa9rNE222WGaNiksZXlW9DWhtX0oA9dj+MXhJ3Ctc3EQ/vSQMBXQ6b4x8P6uM2OrWsp/u78H8jXgBRT1A/Kq8um2kxy8Khv7y8H86APcNd+KHhnQnaFrs3dyP+WNqN5/wrhdR+LviS/LDSNKttPhPAlu2Mjn/AICOB+tcZb2cFqu2GJUHqBzU5oAffal4h1bP9p+Ir+ZT1iifyo/yWs5dIsVk8w26ySf35Pnb8zzV6igDIs7yxGvEXmjzXdlbY228QVEmfr8zf3fbvXczfFDxfMojsLDSdNhA+RG3SFR+GB+lc5jFVb26mtkUw2klwW7J2oA6X/hYvj0H/j+0xvY2xGa19N+Mms2cirr2hwzQ/wAU9g5yPfa3+NcHYX8V/CXRWRlO10fgq3pVv3oA+gfD/ijSfE1l9p0u7SVR99OjofRh2rZBzXzBbSXmkalHqujzfZ7yPsOElHdWFe9+C/Fdt4t0VLuNTFcx/u7iAnmNx1oA6WiiigAooooAKKKKACiiigApO3NLXD/EbxZJ4c0AwWjj+074mK3H93+8/wBB/hQB598RvELeJPEDaVDJnS9Pf5wDxNL7+wrnfT26e1Q20C20Kxglj1Zj1Y9yfxqagANYtxCup619mmyba3j3MmfvMfWtk1k6e+/XNS9fk/lQBo21rBZxeXbxhE9BU1FFABRRRQAUdRRRQAVFcXEdrA80j7UUbs1JmqFvbf25rXlN/wAeNk2ZPR5Oy/hQBY0bSnv7hdWv48f8+8DD7qn+I+9dRSAADgYpaACiiigAooooAKKKKACiiigAooooAKKKKACiiigAooooAKDRRQBiatozzT/b7BxFdhQGH8MoHZv8az7O9FzvidDFcRcSRHqK6vHOawvEGmPIg1CyXF5BzjtIvdT/AEoAZRUFpcx3drHPGfldc4PUexqegAooooAKKKKACkx7UtFAGRCBB4mnRek0Acj3BxmtesSR8eKc/wB2AZ/E1t0AB6VoeF9ebwn4ph1LJFjc/uLxR0wfuv8Agf0rPpksaTRNE43Kw2ketAH0zFIs0aujBkYZUjuKlry74UeK3ntX8NahMWurNd1rIx5lg7fivT6Yr09TkUAOooooAKKKKACiiigCnfX1vptlPe3coighQu7segFfOmqaxc+KNdn1y8BRZPktYj/yyi7fieprrPif4n/tnUv+Ecs5CbO3bfeMp4kcdE/CuOAwKAFooo60ARzv5cLN6Vh2Egi8QyoW5lhBA9SDWlfPysfbqayF05tR161jikMcxidomH94cigDpB+dLVaxuftMBLDbKh2SJ/dYdv51ZoAKKKKACiiigCpqV2bKxlmXlwMIP9rtVqznsvDWiW8V1KPPdd7KvLyOTliB+lZOuQ3k62yWaKz+aGJf7ox0zVi00yOBjc3Dm4u35eeTr9AOwoAkg8TX97rFvaQ2IiifljIeQvrjtXV1xOit5s8+oEZaSXC/7o4FdqpBAPUEZFAC0VB5ubrywei5NT0AFFFFABRRRQAUUUUAFFFFABRRRQAUUUUAFFFFABRRSHpQBVu9TsrGWOO6uY4mcZUM33sVYSRJkDxurr1BU5FctrUUV34shhkRZFjs2YqyggEtjmq50uWykM+kXLWkvUx5Jib6qaAJvJ/s3X7qyHywzjz4h2B/iFXRWHeay9zqGmrd2/kXsTlGA+66kdV/IVuUALRRRQAUUUUAFMkcRoXc4VeTnt60+q8Fm2t6ulgufs0R33RHp12/jQBz1jcfbdSvLraVUlVUHuMf/X/Wukt3Lwgnr3rI2gapqe1QALpwAOwHFXrJ8MV9eRQBeooooAaJ7mwvbbU7Btt5aPvjx/EO6/iK+g/DGv2viXQ7fUrUjDrh07ow6qa+fTWz4K8Tnwf4gPnuRo+oMFn9IZOz/j0NAH0HRUcbCRAykEEZBByKkoAKKKKACuF+JPjIeF9HS3tGDapfkxWyZ+7/AHn+g/wrt2HOe9fM3iPVG8TfEjV9RZt9tYsbO1B6YXrj8cn8aAIraDyItpcu7Hc8jdWbqSamoooAKCcCioLmTZA3qeBQBQlYySls8E0uknb4s0o+rMv/AI7UR6YzVjQ1MvjHT1BPypI5/L/69AGv4psDpd+mtQL+4lIju1HY/wAL/wCP4VCCGAK8g8iu1ureK6tZreZQySKVYHuDxXn1vFJp15PpVwSXgOYnb+OPsf6UAXaKQUtABRRRQAUyX/VSD27fSn0hGc9we1AGXoP/ACA7X/d5/Ot9tXg0/SZLi5fAhXp3PoB71z2kfuDc2R6wyEj/AHSciobiP+0tSmjI3Q2sfTtvI/oKAOk0u7F5cLcchZk3AGtmuS8NzbbGyY/wgKf5GurJwuc8daAHUVDayGWItnqT+VTUAFFFFABRRRQAUUUUAFFFFABRRmigAooqvdzeRBuB+bgCgCxSE4GT0qrBqFtNC0iTJlfvAH7prE17V3KCys/9fN8i+w7tQBVtZPt2sajqA5jZxDEfVV7/AJ5rQqvZ2yWdrHbx/dRcZ9asUARTW0NwUMsauyHcpI6GpaKKACiiigAooooAq310bW33IhkmdgkUY6sx4Arr/D2jjR9MWN2D3Mnzzyf3nPX8Ow+lc94Zsv7U1d9SkGbe1JSDPQv0Zvwrt6APJ1+W/wBRXOSLuQfrViN9jhvSkvIzB4i1WE/8994/4EKSgDWBz06UtV7R90e3PK1YoAKZLEk0bRyKGRhhgehFPpKAPUfg/r8t/oFxpF7M0l3pcgjUv1aIj5Tnv6fgK9KFfPvgHUG0j4i2ZziHUImtnH+0PmWvoFeRmgB1FGKMUAVb+b7PYXM+ceVEz5+gzXy5oiAWBm6tPK0pPqSx/pivpbxO2PDGq46/ZZP/AEE1836UANKtAOgiGPyoAuUUUUAFZt3L5kuAflWp7m5C5RCC3c+lUKADNang2Hz/ABNd3OPkt4RGD/tNz/Ksa4nS2t3lc/Ko/P2rt/B2lvp2iK86bbm5bzZB6Z6D8qAOhNcz4w05pLWPVbcZuLPLMB1eP+If1rpqRlDqysMhhtIoA4SKVJokkQgqwBGKfVQW50jWLrSmP7vPn2xP8UZ6j8DVugAooooAKKKKAMnUkNpcJqUYJVBtmA/u+vvim6ARPaXNyDnz7iRgfUZwP0Fa5AYYYZX3qG2tYbODyYIwiA5AHvzQBnaIdkVxbH70MzL/AFrp3u92m78/O3Fcv/x5+ISDwl0mQfVh/wDWqrd3s0PiiEbm8jYEfnjLZoA7bTTm3IHZqu1l6XIA7x+vzCtSgAoqOWZIYy7HAqraXT3Ez54QDgUAXqKMYNFABRSEgDJxQrBlDDkGgBaM0VVu7oW6cH5z0oALq7WAYHzOe1S24bygXOXb5jn+Vc7c3cNurTXMoRO7NW2upWrQpIkodHUMu3uKALZIHfFc3r+qCK3d05P3YwP4mPAqbUtWSO3dpnEcXoT96sa0gm1C8F/dJsRf9TGev+8aAKP9l3Olm0nsY2lmfKTpnhsj7x9MGtawsGgZri4bzLmT7zDoPYe1X+aWgBO9LRRQAUUUUAFFFFABVO/eV1is7c/6Rct5ae3v+VXKn8KWn2/VLnVnXMMRNvbn1x95h/KgDqtNsYtN0+C0hACRKB9T6mrVFFAHn3i+2+x+JLe7HEd5F5Wf9teR+lZ3UV3XiTRhrWjS2wO2ZP3kD/3XHT+o/GvPbaZpA0cyeXcRnbJGeqt3oAuQSeVID26GtIEEZzWTmpobgx8NkrQBo0UxJUk5D5pxOPSgCMy/ZtU0u6H/ACxvI2OOP4q+nY23Rq3qM18tXkib7ZAQWa4jGB/vCvqO3/494/8AdH8qAJaKKKAM/Wrb7Xol/bgZMtvIgA9Spr5X0y4lhsYkznZ8hB9Rx/SvrYgk18t+I9LbQvGWs6WylUSczxD1jf5h/WgCL7bL/dWo5LmWQEE4HoKiooATFDMqKWY4UdSe1B4HXAqTQ9NHiPUijnbp8J+b/pqw/hHtQBa8NaFJrl7Hqd4hGnwvugiYf61h0Y+wr0WmxxpDGscahUUYAHpT6AEopaKAOY8Z2Jexi1KFMzWTbzjqUPDD+tZMTrLGsiEFWGRXczRLPC8TjKupUivO7KNrG4u9Nl+9ayHb7oeVNAF6iiigAooooAKKKKAM7VrSW5tN9ucXMDebCT/eHb+lYqGPWZrwxZV3gVkHdWHr+NdWazYNJjtdWmvYm2+auGQDjPrQBPo1/wCdBDPghlysgP8ACehrqQ25QQetcM3/ABKdX3NxaXhxnssnp+NdLbXuy3dGPIX5TQBFez+dN/sLwoqXTGxM6+q1zur3dwGhs7Mj7TMT8x/hUDk1f0C/M0MMz/fX5JPYjrQB1NIaBVa+n8mA7T87cCgCpfXe9jFGcKOp9a0YcCFAOgFcpf30dhBuILOx2xoOrH0rT8Mahc39hP8AakCzQytEUX+HGP8AGgDYmmSGIu3bt61zGpaksHzvuknkOI4l6sf8Ku6xqEcKSSO37mIZPvWTp1pIztf3a/6RL91D/wAs1/u0AQ/2eRDLealiaYIzCMcqnHQCqWkXV/8A2Tb21rZPlVw00x2oOT07t2rpvSloAzLbSMTC4vZTczj7ueFT/dFaX4YpaKACiiigAooooAKKKKACiiigCnqUsi2wigz9onYRRfU9/wAOtd5pdjHpemW1lEuEhjC/X1P1Jyfxrj9Dtv7Q8UeYwzDYrn/to3/1q7oUAKKKP5+lFABXI+K/Dkk+dW01P9MjGZYv+eyjt9fSuuoPANAHk9vcJcxiSPPowPVT6H3qan+K7ZNP1R9SswBHI4SWJR98/wB5feoYpUmjWRDlWoAdSknHWjNJx+HWgC3oto2oeLNFslGTJdqxA/urya+plGFx6V4R8HtHbUfFd5rDpmDT4/JQ9jK33vyFe8LQAtFFFABXkHxq8NvJDa+J7VCXsx5V0qj70R/i/wCAn+dev1XurSG9tZbW4QSQyqUdCOoPWgD5SVg6hgchuhpc1q+LfDFx4J197N8tp07FrOb0H9w+4rJSK4vLqCxsojLd3LCOFB3J7/TvQBq+GPDFz4y11dMiLR2UeGvJx/Cn91f9pqtaPDL4f1G40ebiXTp2gbP8SZ+VvxBFe4eDPC1t4T0GKyiw05+aeXH+sfua87+Kukf2V4nstdjGLe+H2a4I6LIOVJ+tAFgEEZHQ80uaoaVc+fbbCRuTjPqO1WrhpUt5Hhj8yVVJRM43GgCQsqjJIA9TVGbW9MgbbLfQKfTdXn93qV9c3gh8QtcWe84jg+5E30b+L86tpYWaD5LeP67aAO1g1nTblgIb6Bj6bxXM+LIPsmt2Gpp/q5wbeXHr1U/zqhJp1pL963jz6hcGqWo6fevp721pdkx5DLFMdwBBzwe1AGtS0yLd5Sbxh8DNPoAKKKz73V7exvILaTcWlycj+EDufb/CgDQopqSLKgdGDIRkEHqKdQAUdqKKAK95ax3trJBKMq4x/gaoabdyI7WF2f8ASIh8rH/lov8AerXNUNR08XkavG3l3EfMcg7UAVcf8Vd83QWR2/8Aff8A+ulP/Et1YkjFvdnIP92T/wCvWadRZdYsnuU8m6jzBMh4BVvusvt/jXRXtrHe2zxP3HBHUHsRQBt2V0JY/LJ+deOe4qpqUu+42joo6ViabeSxTNZ3LbbqHoe0i9mFW72RjbzynhthOfwoAzdPQalqE2pOMxRt5VuPp1armlXH2HUtUtc4aXbNGOnUbSfzFM0OMJolpgD5ow3581Dq6m2uLbUlHELbZfdD1P4cUAF7/pmqW9n1RP3snv6CtcdOtZOlkT6lf3Ocjesan2ArWHSgAooooAKKKKACiiigAooooAKSis7UNZttPdEclmZwrYP3M9zQBpVHNKIYnkb7qqWOaepBUEcg8g1Hc26XVu8MmdrjBxQA/wAO65p+jaN5srPPfXbmd4oV3OAemfTirreLdTkb9zoqKnYyzgH8gDWbbWcFnEI4IlRR7VPQBcTxfqEZ/wBJ0XKfxGCZWI/4CQK2dM8Radqp2QSlJu8Uo2sPwrkL2+jsoQzKzux2xxpyXb0FWLPwnc6lLHdapepbup3JBbMCyexb1oA72q97cC3tXfoeg+tTqNqgdcd65vX9SSOOR937qAEk+poAseBtKHiL4hRGVA9npEZuJcjhpm4QfhyaqfEXwefCWsnULOM/2Pev0HSCQ9voa9M+FWgSaP4SS5uV23uov9qmz1Ab7o/AYrqda0a01zSLnTb1A8E6bCPT0I+lAHzAMGo3E880NnZxmS8uXEcMY6lj/hU+tafceFtWudI1HcZLdv3Tgf69D91l9z0+tes/C3wDLp2PEWsIBqMy/wCjwsP+PdD/AOzGgDs/BfhmLwr4YtNMQq8qjfPJj/WSHlmrohxQBiloAKKKKACiiigDG8ReG9P8T6TLp2pRb4X5Vh96NuzKexrjvh/8Mn8K6ndahqV0l5cjMVq4X7kfqf8AaPevSqTaKAE2e9YPjHw9H4l8LXumMQJGTdC/91xyp/OugpD0oA+a9Gv54hmVdtzAxinjP95eCKn8QeLLnT44jZ2QkV/vyyE7Y/yq18SEs/D/AMSf3RIh1GFZJlA4STOAx+tcXcatqNxfNZGOGyU/KpnQsZB7dqANO71LXNVsWinXSZYJRnbsfn9etV9Ghvbe1aG8wSjfIQc5WjSLG5sEljnnSVC+6Pau3bnqMdhWlQAUUUUAFFFFADXcRozsflUZP0rznU7x7qS4vpMhpmMUSn+FB1/z9a9IIyMHkVxvi7SJdy30I3RKu1owPu98igDN0PxJLphEMwMlt6d1+ld5aXtvfQiW3lV1Pp2ryTFWLS+ubKUSW8rIw9KAPW6K4qy8ayRqFvLYP6vGcH8q14vF+lSLlpXjPoyH+lAG9SGsY+K9IA/4+T/3w3+FUrjxrYouIYZZW98KKANfU9Kt9SRRJ8kinKSL1U1eRdqKpJJA6nvXBS+LdSu7hFtwkQLDCquSa7uAuYU8wYcgFh70AV76xW8jUhvLmjOY5B1U1UivGbfY3yCOdlKg/wAMn0Na9QXNpDdxGKZFYHpn/GgCj4el3aSkJ+/AzRN+B/wrSkjWVGjdQysMEGs7TdJfTbq4dblpIZcMEccq31rTx70AUdK00aZbNCr7wzlhnsKvikxS0AFFFFABR3rlPEuralpt/H5LBYCuR8uQT3qG18cDgXdoc92jb+hoA7GisKPxdpLrlpZEPoyH+lPPivSAD/pJP0jb/CgDapCwAyTgVy9142tEGLa3lkb1fCiub1HxFf6jlXk8uM/wJwKAOn1vxTDaK0FmRJP039VWuRtrg3N26XDlvtHylmP8X8J/OqGcnmr2l6bPqd6kEIOM5ZuyigDu/Dd89zp3kzA+dbny2z39K2qit7dbeFUXBOOXxy3vUtABRRRQBRvdKt7+eOWfefLzgBiP5Vl6rbWFiscUcRNxL8samVlx7nnpXRVn6jDYrG13dxK/lqcZGfwoAveHzd6fp7QtqLXJk55bIX2Bq/pGkHxR4ssdFUZto2FxeH0jU8D8TXDRwTWNxFdRZjupj+4sYjx06ufavSPg/NJpPjmWzuZvNfUbYtvP95T0HtQB73HGI41RQAqjAAp5GRS0UAYuoeF9I1TWLPVL2zjmvLPPkSMPu5rYUYp1FABRRRQAUUUUAFFFFABRRRQAUh6UtIelAHz78TEj1D4j6jBKN8S2cUePzJrj1ie7sbjTbxC8sK/upcfe/unNdZ4zbf8AErWm4G3y1/8AHaysUAV7AzNYwmcES7BuBqzRRQAUUUUAFFFFABSFQylSMg8YNLRQBxmu+FGDNc2C5U/M0Xf8K5F0ZGKspVh1Br2DFUL/AESw1EHz4AX/AL6/KwoA8szSV2lx4GXcTbXhA/uyJ0/Ef4VX/wCEGuf+fyL/AL5NAHKCpI4nlcIilmPYda7S28EW0Z3XNzJLjsg2D+v9K37LS7OwXFtbonuOT+JoAwfDPhw2zC9vF/e/wRn+H3NdVRiigAooooAOKKKKACiiigAooooAo6rpsWq2TQTcN1R/7przjUNLutNmKTRMBnh+xr1WmSwxzIUkRXU9QwzQB4/2pK9EvPCOm3RLJ5kD+sbcH8DWVJ4FmDfu72Mr/tIRQByOcUDmutTwNNu+e9jC/wCyprXsfCOnWhDS7rhx/f6flQByGk6FdapINilIe8h6fhXoWm6Zb6XbeTCuP7zHq1WkRUUKgCgdgOlOoAKKKKACiiigAqnqNp9rtTGDgghgOxIOeauUUAZ2n6e0DPcXLeZdy/efsP8AZHtWppl0dM8X6BqGcCO8WN/dX+X+tMqjqzGKxMyH5oXSRfwYUAfU4OcU6q9nIJrOCUHIeNT+lWKACiiigAooooAKKKKACiiigAooooAKQ9KWg9KAPnjxovl/EnWh13CNvp8vSsut34iR+V8Tbz0ltInH6g1hUAFFFFABRRRQAUUUUAFFFMsYNQ1zUP7P0S1N3cDh3ziOL3ZqAFZgoZmIAHXJ6VTGqWrzeTAz3Mo/gt0Mh/8AHa9U0T4N2ACXHiW6l1Ob732dWKQIf90ct+P5V6NYaRpulwrDYWFtaxr0SGJVH6CgD5xjttYnXdD4f1ORfXyCP50rWWtou9/DmqBPXya+m8D0owPSgD5Xk1KK2bZeR3Fo3/TxC0f8xVuOVJkDxusi/wB5TmvpW6s7W7haO5t4ZkIwVkQMDXB658IfD2oM9xpavo96eklmcRk/7Uf3fyxQB5TRVnXdA1zwjLt1iAS2ecJfwD5P+BD+GqiOsih0OVPIIoAdRRRQAUUUUAFFFFABRRRQAUnb29TUSST3d8thp1s97ev0ijH3fdj2H1r0DQvg7JeKtx4pvpGB5+w2jbEHszdTQB5xLqtnFIIjcBpT0RPmJ/AVZhj1O6GbbQtUlX1+zMv86+hdH8L6HoMSxaXpVpagDGY4xuP1bqfqa2cAdqAPmY2Gugc+G9UA/wCuNU571rP/AI/rK9tAO81uyqPxxivqaopYY5V2yRo6+jDNAHzHBdQXK74JUkX1U5qYV7Jr3wt8L66zTCx+wXn/AD82P7lvxA4P4ivLvEfg7X/CAM0wOp6Yo/4+oVw8Y/21/qKAMyio4Zo7iJZInDoehFSUAFFFFABRRRQAVS1UZ0u546Rk1dqlqenR6lbeS7Mh6q6nlTQB9JeG3MnhrS2bq1rGf/HRWtXk/gT4jwpHa6DrqraXEarFBcL/AKqYAcA5+61eqo27kHI9qAH0UUUAFFFFABRRRQAUUUUAFFFJmgAJwKwvEvijTvC2lvfajNtX7sca8tI391R3pnivxXYeEtHe/vSWY/LDCp+aV+yivn291HUfFGtNrGrvuk6RQA5SFf7qj+tAF7V9YvPE+vvrV5ClvmPyoYF5KpnPzHuahpBS0AFFFFABRRRQAUnelqB47m9vbXS9PTffXkgjjH90d2P060AXNE0O98Ya0dLsCUtosG8uh0jX+6P9o179oHh7TvDelx2Gm26RRKvzEfec+rHuag8KeGrPwroUGm2i5KjdLKesjnqxreHSgBaKKKACiijNABRiikzQBBdW0N3bvBcQrLE4wyMMgivDPHfgd/B0p1bSo3fRHP8ApEI5+zE/xD/Z/lXvdQXMEd1bvBMiyRSKVdGGQwNAHzTG6yIro2VYZBzTqueJ/Db+CvEraeoY6XeZlsnP8B/ij/DtVKgBaKKKACiiigAptjp9/wCItYTRdJH79hummP3YEzyT7+gqC6lmQRw2kRmvJ3EUEY/ic9K958C+D4PCGhJbkiW/m/eXdx3kc9voOgoAseFvCGmeE7EW1hFmRv8AW3D8vIfUmujoooAKKKM0AFFFFABioZVEilGXcrDBB9KmzRQB4p8QfAL6LJL4g0CA/ZvvXtkg4A/vqP5iuLgmjuIUmiYMjDIIr6bkUMCpGVIwcjOa8B8eeFh4O8RLc2iFdG1JztUdLeXuv+63b6UAY1FFFABRRRQAUh6UtFAEFzbR3UPlSKCO3rXUeCPiTdeG5otK1+R59M+7FdHJeD2b1X3rnqqXsAePcVz2Yf3hQB9P208dzCk8MiSRSKGV0bcrA+h9Knr5z8DeO7nwdcrZXsjz6HIcbc5NsfVf9n27dq+hLS6hvbZLi3kWSGRQyupyCKALFFFFABRRRQAUUUUAFUNT1K10jTp9QvJVitoELu57AVe3AV4J8WPFZ1zXP+EcspCbCxYNdsp4kk7J/wAB70Actr/iC88Y66+qXQZYc7bSA/8ALNPX6mpoYxGgUVUs48sW7DpV4UALRRRQAUUUUAFFFFACE4ruPg5oovLzUPE86ZG42tmT2VfvMPqcivPtRmNvYTyL94IcV9AeBNKXR/BGk2aqAVgVmx3ZuSf1oA6RegzRkUorH1/Wo9E08zshlmdvLggX70jnoBQA3X/Eml+G7FrvU7kRp/AvVnPoorxjxB8a9WvWaLRoFsoOzsA8hH8h+tdb/wAKxuvEt22q+Kr6QzynK20J+WJf7uamuPgl4dkgKwzXUbn+LcDQB4neeK9fv333Wr3jn3lIA/Cqy65qqNuXUroEdD5rVc8f+Dda8EXQaRFmsJDiK4QcZ9D6GuH/ALWuPRaAPS9J+JvirSXQrqT3MYPMdx84/wAa9Z8IfFzS9edLPUlFhetwpY/u5D7Ht+NfMsGrI5Cyrt9xzWkjAjcpz3yKAPs9SCc5yKfnNeJ/Cr4it5kXh/WJiyn5bW4kPI9EY/yr2pKAOQ+JPh4eIfB1ykaZu7YfaLdh1DL6fWvDrK4+1Wkc38TD5vr3r6gdQ6lWGQRgj1r5mubP+y/EOs6aeBb3j7P90/MP50ALRRRQAUUVHK/lxO/91c0AdZ8K9EGr+LLrWZkDQaaPKgz0809T+Fe51wfwk037B4AspiuJbwtcOf8AeP8AhXeUANJGDXO+KfGWkeE7TzL+bMzD93bpy71T8d+NLbwho5mOJL2YYt4c9T/ePsK+Z9S1K71bUJby+naaeU5Z2NAHea98ZNf1J2TTtmnwdtg3OR7t/wDWrjbjxLrd22+fVbyQ+8p/xrn7nUIbc4zuf0FZ76vMT8qIooA6yPX9XhffHqd2rDuJW/xrptF+K3ijSXTfefbYf+edwNxP/Auted6Omq67qkGnafb+fcTNhUA/U+1e/aD8ELNbNH1u7kkuWX5kh4VfxoA6fwf8TdJ8U7bZ/wDQr/8A54yNw3+63eu6U15fdfBTRvL3WN3dW9wvKSbs4Pat7wxqWpabdJ4d8QnddAZtbrPFyo9/7w9KAOzrn/GGgReJvDN7pkijdIhMTf3XHKn863l6UEc0AfLenzSSWu2YbZ4S0UqHqHXgirdXvFdiNK+Iet2qjbFMy3Kgdtw5/UVRoAKKKKACiiigApGwVORkUtFAGTNHsdoyAa7T4YeM30DVItA1CUtpl4+21kY/6mQ/wn/ZNcrcxNJcKF6lay9SESWsq3GQnTI7HPBpgfXCYPTpT65D4baze634IsbnUYZo7xB5UhmQqX29G59RiuvpAFFFFABRRRQBx/xF8WDwl4TubyNh9sl/dWy/7Z7/AIda+drSIxwDL+ZI/wA7ued7Hkk+tew/G3U7YaNaaK0UUlzdvuDMMmNB1Yfyry3T7dUj6AKAFUe1NAWoE2RKPxqWkpaQBRRRQAUUUUAFFFFAFLVBvtAnZ5Y1/NhX1BZII7KCMdFjUfpXy9qp22e/+5IjfkwNfUFhKJ9OtpRyHiVh+VAFjNctpjJr/iO+1MkPbafKbO1HbzAAXf8AUKPxrb1e7+waRe3YODDCzj6gVwvwZv1vPCd2hbMyXsjOO/zAEH+f5UAekDpS0U0sB3xQBkeIdDs/EWh3el38SvBPGV6cqccMPcHmviC5i8m4li3hwjFdw6HHevpv4v8AxMt/D+lT6Jpk4bVblCjlG/1Cnqf96vmBiCc0AMrQ0+8MEojfmNj+VZ9FAHXJI0ciOjYdTkH3r6j+HfiT/hJfClvcSNm4i/dS+uR3/GvlGxlM1mhJ5HBr2f4E6i6alqenE/JJGsqj3Bx/hQB7mTkV8+eOIhD8T9bVejRQP+LLX0ED1r578azC4+J2tyKeEWCE/ULQBl0UDpRQAVS1ZimkXbDqIm/lV2qeqru0q6UdTE38qAPo3wrClv4S0iJPuizi/wDQQa1pZViieRzhUUsx9AKx/CVyt14P0eZDkNaRcj2UD+lZ/wARdRfTPA2qTodrtF5an03HFAHzz428Ry+J/Et1eMxMKnZAp7IOlchqN4bePYh+dv0q9/k1zd5J5t1Ix9cUAQEk8mgdaSlBxQB9Jfs++H7OPw1da4Qr3txMYgx/5Zovb8Scn8K9pTPOa+U/g/8AEVPB2qvYag5Gl3bAuf8Ank/976Yr6ntrqC7t0uIJVkhkUMsinIYeuaALFY3iLTP7R0p/L+W6g/fW8gHKyLyPwPQ+xrZBzVa9nS2tJppDiOONnY+wFAFTQNWj1rRLW/jx+8T5gP4WHBH55rUrzD4L6mb3QdSt92RDds6fRua9OHSgDwz4qRiP4jW7gf6ywyfwauYrpfilOJfiPCi9YLAA/i2a5ocCgAooooAKKKKACiiigBD696ztRgWXKOMrINpHrWiRmq16uYgccg0AezfCTXJNY8ExwzsWubCQ2zk9WC/dP/fOP1rv+teL/A2crqHiG2H3T5Mv04Ir2cUALRRRQAUUUUAfOfxMvmv/AIj3qk5SziSFR6HqazIV2woPbNL4vLH4ieIg/X7UuM+m1acOB60+gC0UUUgCiiigAooooAKKKKAK1/B9psZ4f7yECvevh3q41jwHpV1uzIIfLkHoy/KR+leG4rsvhDri6ZrV74auGAiuSbqzJ6Z/jT+uPrQB6X403HwZq+3r9mavm74e+OZ/B2vmabdJYTgJPGO3P3h7ivqPUbQX+mXVm2MTxNH+YxXxhfWsllqFxbSoVeGRkYEdCDigD65h8c+GJrD7cut2Yg27iWlAI/CvIPH3x382OXTvCgKhsq9864P/AAAf1NeG3iFJt/ZuarF8jFAEk1xLczPNO7SSucs7nJJ9ahoooAUDNbVh4S1/U7I3ljpN1cW4/wCWkcZIrGTlxX254K02PTPBmkWkYAC2qH8SMn+dAHyHY2s9pAY7mGSJ9x+V1INeq/BBSfG07DoLN/8A0Ja9q8QeGdG1mxlXULKFgFJ8zbgrx1zXmvwS0gQ6hreoJ80KsLeJj3wSc/ypAexyOkUbyPwqjcT+FfMr3Z1PWdV1TOftV27ofYcD+VeyfFLxH/YfhKWCBsXt+32aBR156n8BXjFpAttaxwrztXGaYE9FFFABTXQSRsh6MMU6igD1v4P6j9s8B21ozZlsZGt2H0PH6U74vqx+H93joJI8/wDfVcH8M9cXQvGsmnTtttdWX92T0WVe34ivVvHOmtq/g3U7RFzIYS6j3XmgD5Q5bgAk+lUrPwb4k1GBri00a8miHV1iOK9/+EHhjRbvQf7TuLWO4vRMykyjd5eOmBXriwpGmxAFX0A4oA+CpIpIZHjkUo6HDKwwQairvfjBpyaZ8StUjjUKkpWUAf7QrgqAFBxXoXgD4q6v4KlW2bN5pRb5rZ2+5/uHtXnlKDigD7O0D4keFvENh9pttUhiK/6yKdhG6H3Brz74rfFCzuNOk0LQbkTecMXVzGflVf7oPv3r51XLMAByeK1UGxQvXaKAPef2f2kkt9YZh8oZOfzr2vdivLvgXpb2fgya9kUq15cFhnuq8A/zrq/HXiNPDHhS8v8AINwy+Vbp3eRuFA/U0AeLeI9Q/tfx/rt+h3RJKLaM+oQc/rmqtVrCBrezRHbdI2Wkb+8xOSas0AFFFFABRRRQAUUUUAFQXRHk/iKgv71rdAkCGSd2CIg6lj0Fei6H8GWvbFJvEWq3P2iQBjb25CrH7Z6mgCH4HRltW8QzD7qrChx64Jr2kc1zfhDwXp3gy2uotPaeQ3Lh5XmfcSQMCukAxQAtFFFABRRRQB4h41+HHiXUPGN/qmk21tNa3O1sST7GDAYPFcbqml+IvDmH1jS5YYM489Tvj/MV9P7RVXUbC31HT7iyuUDwzRsjK3IwaAPmyGZZkDqeKkrI0tDaz3Fnv3CCZ4lOeysQP0rXzTAKKSlpAFFFFABRRRQAVXuEnSWC8s38q9tZBLBJ/tDsfarFXLGz8+UF+FoA9o8F+LLfxboUd2g8u6T5LmA9Y37/AIV4z8ZvBVxYeJG1qygZ7S+O6TYPuS4+b8xz+ddboivo939t04BZCMSIeko9DXpEFxYeIdOKOoZW+/E45U0AfGNzbsylJFKt7jvWS8bRsVcYNfV/iv4aaZqNlJ5cKxTYOyRR1r581fwzfafLLHc2j7EJAYr+tAHNWdhdahdJbWcEk87nCxxruJro5Php4wigMz6Dd7AM8Lk/lXsnwB8O2UOl3usFA128vkqzdUUdhXtZUYNAHwVJE8E5jlVkdGwysMEGvtzwlepfeEtIuU+69pH+igf0rxL41+GtNsPElrqVvGqzXiFpkHQsvG7FVvBvxN1vQLRNIhso9Qi3YhjYsHX2GOtAHtPj/UJrPwlcpagm6uiLaBR1LNx/jTfDmm2fgfwbHHdyrGkCebcSN03d6pwXckFiniLxnJbWXkjfBbD7sOe5z95z+leWeLvGN545ufLUG10CF9yRk/NcEfxP/s+1AFPXNem8ZeIn1qZSlpEDFYQt1VM8ufdutUp722ts+dPGnsWxVjwVp6ePfEU+lQ332KxtY98jx/6yUZxtXPT613V9+z94buYWaLUNRimxnezq4P1yP60AeXv4l0pGI+1KfoKb/wAJPpJP/H0PyNUNR8F2VjqFxZmd3MMjJvRvvYOMjisDVPDkljGZopPNiH3sjBX/ABoA7mDVrC5/1N1Gx9M4q4DmvHskHIOK2NL8R3mmyBS5lgzzGx/kaAPQb21NzCNjmOaNt8Mq9Y3HIIr2z4f+NY/Fmi+ReBI9Wth5d3B2b/aHsa8Tsb2LULVLiE/Kw6Z6eoqWGS903U4dW0qbyb6HoSMrIO6sPQ0AereE9Pfwl491PR8EWOoKbm19NwPzL+Ga9HLcV574f8WaZ4/sY4939n69aHesbH54pBxuXP3lP6g1z3if4meK/DMkmnXui2aXG393doXKP/tAf/XoA8n+NF0l58TtSKdIwkWfotc9pHgrxHr0Pn6bpNzPF2dU+U/Q1t2loniXxPbJqL7mvLlRJKevzNya+ttO0+20uxgsrSIRW8KhEQDoBSA+J9Z8La34fK/2rptxahuFZ14P41jY/OvuHxbollr3hm+sb6NXiaJiCw+6ccMK+PbbRpZLl4raF5XViM4z0pgULS1K/Ow+bsK6LQvDeo6/q1tYWtu5aVwNxXhRnkn2r034dfDSK4T7dq0TFs/LERXs2m6Jp+ixtJFDHE2OXxjAoAk0uxtfD2gW1lGQltaQhdxPGB1J/nXhXjHxK/jXxKJoyw0awcraIePOf+KQ/wBK9L8Tas+rxvY25K2PR27ye30rz/UtLhjXNuoQL0UUAYdFBBU4I5ooAKKKaXVRknAoAdSE4HNVJL4DhBn3NUbi9SP/AF8oHtnP4Yp2A1WuI1OC9Ma8gVWZpFXH944zUmjeEfFPiTB03SWgt2/5er0mJPwH3jXqXhv4O6JYQpLrY/tW+Iy7PkRr7KvpQB5R4TaDU/H+hQbllX7YHcD5hwDX1EoxWdY+H9I00g2Wm21uV6GOIA1pAYpALRRRQAUUUUAFFFFABTWG5SD3p1FAHj+sfBZkuZ7zQNXeF5HaT7PcruTceTz1riNW8L+MNDJN7pMksQ6y2Z8xf8a+lsDFIVB7UAfJ0eqhn8sybZB1jddrD8DVtb5hwyg/SvovWvCHh7Xoimp6Taz5/jKYYfRhyK891b4G2g3S+HtYubNu1vdDzovz+8P1pgeeJdRv3wfQ1NnI4wRUureBPF2iFjc6V9shGf31k2/8dvWufS/EUnluzxSj/lnKNp/WlYDcoqrDeLIRu6n06VaoABwa1rKUYHNZNKrMn3SRQB29ncAY5ratr6KKUSRziKUfxA15mLuccCUim/aJs58xs/WgD2+DxLEYgl6isp/jTn8xWbqljomsRNHb39oXb/llI4H4eteTLfXY4E74+tVri1S+/wCPhA57E9qB2Oq8P2PjLwNrdybHRTfaXctlo45B19Vrtj4z8TSqRB4LuUcd5rhQteOLokYHyy3aA9luZAP/AEKhtFQDH2i8I9DdyEf+hUrj5GdB4n0TUfEurHUvFOsaZpMCLtWHzw5RfQD15pLDxH4Y8JoU8K6XLq2oY2/bbkbEU/59K5tdJtIW3CBS395/mP61YChRgDGKBWDU7rU/EV4LzXbxrhlO6O3X5Yoz7L6+5qrqaO2lXSQjDmJtoHrirWPalNMR5joetXegakl7aSPHIBtyrYOK9C/4WtqV9amGbV541bgg8H8xWBrfhIXErXNgRG7fejP3T9PSuSutOu7KQpPA6Eeo4oA7R9d04ks1yD61i6v4ijubd7e2U4fhnb09q5voeuKSgAPWkqaKCWdgsUbOT2ArodM8IXVyyyXh8mHqVH3j/hQBreCkkGnSs2djP8tdOeRUVvbRWsCQwpsRRgAVLQBXmtRLMk8TvDcxnMc8bYdT7Gujg8eXMtgNM8XaUms2PQXUQxKvuR6/SsPFLigCd/C/h7UrkXXhfxJBFMpDpaXx8qRD7E+len2HijxjaWsaXfhpdQ2LtM1pdKd59a8imtLe4GJoUf6ioV0mAf6triL2jndR+hoHa56h4n8ReNtb0p9O0vwtcWRnGySaSRSQD12//XqPwl4Ph0OwjbVprO0lx8+ZFZs152mkKwH+k33/AIFyf/FVJHotvHIJAjO4/ikYsf1pXQ1Bs93j1zSbKIx2TCcj+JDx+dZGo6x9sP7+ZQnaNTxXlonuoV2pKyr7VA9xOWy0jE/WmJxZ6BdXSMMKwK1z19MMnmsBbu4C4ErY+tMaaR/vOTQIdcOGk4qEdKKCcA+3NAEVxN5S8cseBWRcXqowEjlpG4VF+YsfQAUmr3EgtpJo5hEEHUruOPavcPhj4C0/RfD1lqd9ZpLrVzGJZZZRuKbuQq5+7xj9adwPOvD/AMNvEviQLNOBpFixGXlGZWX2Xt+Nes+HPhj4b8OlJUtPtd2BzcXJ3t+HpXabRRii4CBFAwBgegpQoHSlopAFFFFABRRRQAUUUUAFFFFABRRRQAUUUUAFJgelLRQAmARjAxWPrHhnRdcj8vUtMtrjd3dBn8+tbNIRkYPSgD50+I3guHwXqtleaYki6ReAxOjMWEM3UY9AR29qxLW4ziN+vrX0X4r8P2/ibw5d6VcAYmT5W/usPun86+ZTBc2F5caXfqUu7R/LkB/Rh7UwNuiqdvc/wSdfWrgpAFJS0UAOTrVyDbkZrLnuo7YAvkkngAZJp9rfpcKxjJBU7WVhgg0maRkdJD5O0bqjn8rHy1lC5Kj71VhqttM/lpcIz+gPWosa+0jYtzAdqqnrTmc0zFVYxlIWiiiqICmvGki7XQMvoRTqKAKL6Rp8jZaziJ/3aQaLpoORZxZ+lX6KAIoraGFcRQog/wBkVLRxRQAUUUUAFFFFACd6mixURFAYrSZUXY1rfZ3q8TBs96wFmI70/wC1HHWo5TaNRIu3GzJxWfLjPpQ0xb3qIsT1p2IlNMKKKKoysHeqV3Pn92n4mpLmfy8qv3jWXNKyINiGSVztRB1ZjwBiqA3vBXh3/hLPGVrZypvsLMi5u+ODg/Kh+pr6YCgdBiuL+G/hEeFPDarcqG1G6ImuX/2uy/hXbUgCiiigAooooAKKKKACiiigAooooAKKKKACiiigAooooAKKKKACiiigBjV5V8WvA0mpW48R6RCTqNqn+kRr1ni7/wDAh+tesUw8nigD5Kt7hLqBZkOVbt6VehumT5XJK+vpXafEv4ey6PeTeIdCgLWcnzXlrGv3G/vqPT1FefwypPGskZyrcjFVuBtKwZQQcil4rLimeJuOnpV6KdJenX0qQIjgamhI6x/Kfx5plyPIvIbkcK58t/cdj/n1pl/PEI/MjfM0J3AAZz6jj1qS7lin0p5gfkMe9T+ooAL7Mvl2asR5xw5BwQg6/wCH4mmX8US2iIkarIzKsYVeQc/0qKO4kFwLia3lVfLC5AzjuaqalK09o14CywbwikDoucM386T0KhFyaS6mybu3TCtcxB/QutTAhhkHPvSx+GrIQIo01WRlBBKZJ/Gqz+GEi5tHu7U+iE4/I1zfWY3sz23kdVw5oyTLNJ3qk2m63B9y5jnH/TSPaajM+qQ/63Tt3vG+a1VaD6nBUy7EQ3iaVJ1rNOrPH/rbC6QeuzP8qX+3bEfeMqf70ZFacyZzSoVI7o0RS1nDXNNP/L4g+tH9t6b/AM/kdF0T7OfY0aSs865poH/H1GfpmkOuWZ+550n+5GxpcyH7Ko+hpUVmDVZpP9Rp1y/pldv86XOsSnCWkUIPeR81LqxW7N6eBxE/hizSpKojSL6f/j61FlXukC7f1pH0e9tVL2V/JLj/AJZz/Nu/GoWJhe1zreS4pR5uUv8A40Yqpp98L6BmZPLmjbZIh7GrlbJpq6PKlFxbT0YUUUUxBRRTWYLyaAHVXuLgR8Kct/Kop7vPypnHrVNmAyzEAdev60wB5AoaR2AA5LHoK9E+E/gp9SuY/FepwMLZf+QfDIOW/wCmhHp6fnWF4C8DyeM75L69jZdDgboRj7S3p/u19ERRpDCkcahY0UKqgYAFICQDiloooAKKKKACiiigAooooAKKKKACiiigAooooAKKKKACiiigAooooAKKKKACiiigCOSNZFKMu5WGCp6GvFPH/wALrmyuJtb8MQb4W+a508ev96Mf0r2+mMOTxQB8lQ3CTqduQ6nayNwyn0IouGMdtIVOGCE8V7p4y+Fun+I2e/sMWGrdfNQfJIf9sd/rXiusaXqfhy8Njrtm1szfKk45il/3W/pTAsLIlvHCiRk5XjFRWYRZbizYfu2JdAf7pzu/XP50mnuJ7KPJBkh+Q/y/lirrQqzb8ASYwHxyKQFWzzFcTWu7dHGAVPdQe1RiH7T9utGGEOPoCw/xq5b2620WxTkk7mc9SfWqenzo5nmLY82UlfoOBQNb6HR6H4xsrOwisdZY21xAuzeUOyQDoQR/Wr8vjvw6hwk8k59Iomb+lc6QrLzgj86VVA4AA+lYujFu56EMyqRjY2n8e6Uf9XYahL9LfFQP44t2+5oN831VR/Ws3ijr3p+xiDzOu+pebxlC33vDd0f++P8AGo28V2b/AHvC9wfwT/GqmPeihUokvMaxO3iTTm6+Fbj81pP+Eh0M/wCs8O3qfSIH+tQ0UOkhLMKpYHiDwr/HY30XrutiMfzq1DqnhGYDbqKRE/wyDYf1FZ31qN4IZDl4o2/3lBqXQTNoZnUj0R08Ntot0P8ARtShk/3JVNWRoEDg7Lgn9a4WXSNOm+/aRf8AAVx/KkTTBBj7JeXdvjoI5jgfhUPDI66ed1FudwfDo7Tn/vmmHw8/ab/x2uWivfEFr/qdYaRfSeMGpZNf8TzReUJbOHP/AC0RCSKh4U6VnmmrKMlstp4q1OFHDgJEWK9NxBzVsdKq2lotokjPKZJpW3yyueWNSPcxJ/Fn6V2Qjyqx85Xqe1qOfcnpCRjJx+NVHvT/AALj61WaV3yWJPsKqxkXZbpE+785/SqUkryn5j+FN6ZqISPPdx2VnBJdXkpwlvEu5jRsA6SRIoy7ttUdTXW+CPh3eeL5Y9S1WOS10NWykZyr3WO+Oy11Hgv4SFXi1TxRsmnHzR2Q5jj/AN71NeuRoEjCqoUAYAHQUrgRWlpDZWsVtbQrDDEoVI0GAo9KsjpRRQAUUUUAFFFFABRRRQAUUUUAFFFFABRRRQAUUUUAFFFFABRRRQAUUUUAFFFFABRRRQAUUUUAFUr/AEyz1S0ktb62iuYJBh45V3A1dooA8H8ZeBLDwdew3GlvKtpeMQ0DtuEbD+77YrnK9Z+LUAfw9aXB/wCWV0B/30D/AIV5NQAjDKMOuRWDaDbaRr3Vdp/Dj+lb/X/61ZL6bNDp8t7Dqenu3nMq2DOfO9cqBnI560ACuyn5WIqZbuUdcN9aZHaXBiDOgD4G5c9DVQ3lsJWhM8YlU4KlgDmmBpLe8/Mn5VKt3Eepx+FZodT0OaU0WA1BcRH+MU7zEP8AEPzrJo49aEgNbev94Ub1/vCsmj86dgNYyIP4hTTPEP4xWXRmiwGibqIdCT9KYb1B91SaoijPvSsBaN656KBUbXMrfx4+lQ5Gf/r0FlAyTgUAKWJPJJoqpLqdnFwbhC3QKh3N+QqS0N5qN7Ba29t9nMz7FmvD5SA9s0XAn49aha5TzFiQNLKx+WKNSzN+Ar1HSPgnNNtk13WCw6+RaLtH0LHmvSNC8G6F4bTGm6fDE/eUjc5/4EaLgeMeH/hb4j8QFJr/ADpFgf7/AM0zj2X+GvZPDPgzRfCdn5GmWiq7f62eT5pJP95q6EDFLSAQdKWiigAooooAKKKKACiiigAooooAKKKKACiiigAooooAKKKKACiiigAooooAKKKKACiiigAooooAKKKKACiiigDlviFafa/BGpADLQoJx/wEgn9M14YDxX0rc20d3bS28oDRSoUceoIwa+bHtZbC4msbj/XWsjQOfUrkZ/HGfoaAGnpVS2+S8u1HTKnjjtVyqcH/AB/XRzj7tAE9xKsNu7v0UdAOtYt1NbmBbdLSCWbH72WRc4Y9RTtVu3lDGAkxWzLI23+NlOdv4CqNqc26serfMfxrHE1JU46HoZXhqeJqPm2RXW1ihk3tEAnfyGKEfka2ZtGVbWK4tNSuNsjIoDYYYZgP61T4IxV7TZv+JZBAzAA3eFB44X5v6VGErSqOzNs4wUKEVOnoP/sDUkHyajG3+9F/9em/2RrS9JbNu/O4V0oOeQcj2o/z1rv5EfOe2kcudP1sH/U2zfRzSfYNb/54W3/fyup96KORD9tI5b7Brf8Azwt/+/lA0/Wz/wAsbYe++upo/CjkQvbSOZGla238dmvtljVb7JfLYtdz30UKKzJtSMkkhivr7V1zOiDLNgfXFcnqMoktbSNWBTz5yf8Avtv8f1rOr7kW+x1YS9aqqb6mV5V/NkteuoPpxV7TrKyuElt7yJpLkxsUkkkY7j9PWlqC5m+zKlwGI8tg2a82liZuep9TjMrpRw7lHdIshhEI7mKGOEwgMFjXhkP3gfXt+Vb5CSw425Rl/SsKZCmmq4GDGnI9iOa27XIs4QfvCMZ/KvVqpKx8fhpt3TPbfhtrkmseGxDcOXurFvs8jN1YYBVvxXFdpXkXwjmKa7q9uCdr28T47AqzD/2YflXrtZHUFFFFABRRRQAUUUUAFFFFABRRRQAUUUUAFFFFABRRRQAUUUUAFFFFABRRRQAUUUUAFFFFABRRRQAUUUUAFFFFABRRRQAV5P8AEXwpcnUTrdhA8qTALcxoMkMOjAfTrXrFN2A+tAHzbHp2oztsh0y8kPoIGqDWvCuuaPZre6ggtYryQjYDmTAH8XYV9M7QBwK8w+MvmLpFjhv3ZlbI99tXT+IyrtqDaPHoYlit1jAGANv1rI2PZr8y5tyTtI/h571qklbTjsnFLMAIVhHQ4X8K6K1CNWPKziwOPqYSpzxZkNdBwBCrsW4BC5FXba3YSorj5EQ7Eb36k/WrRUG5CheEGePfp/WnKP3xbrwKzoYSNJ3R0Y/N6uM0eiDLxzIIXZM8kA8Yqf7XdKwUXGfYioAredn+ELjP40D/AI+Sf7qiuqyPK55FhdRvAzruj+Uf3aJNRvFiL748gZ4WqyDmX0zj9KRRvtAOmV/pS5EV7SXctNfXeM+co99tMmmuXQ/6Q+e3aoWBe1xjkr+tPQ7ow2eoBo5UTzy7kTY85GJLqwwMnPNUbyCYSlYxuRm8wKOzdOKurHuheLO0qflPp6U9h5sYZcFlPH1HFROnGcbM1o4idKanF7GQt6mz94rIfQjFSwQ/bpQ78Qxndgj73ofpWgW2yKT9xxx7GiC0N/IZGYpbL8oC8eZ9fauKODp0pcx71TOq+KpexWl+pBO6yXAs0YN5zBcDnb/e/St9QAo+lQpZ28bxskSqY87do6ZqfvVznzPU5aVLkVjv/hFGG1nWJuMpBCgz15Zyf5LXrYOa+evC+syeH/Etpeqx8mRvJuF7NG3c/wC6efwr6DT1qDYfRRRQAUUUUAFFFFABRRRQAUUUUAFFFFABRRRQAUUUUAFFFFABRRRQAUUUUAFFFFABRRRQAUUUUAFFFFABRRRQAUUUUAFFFFACdq4H4rafJe+ETKik/ZpQ59l6E133rWT4j00at4dv7HnMsLBcf3uo/WnF2ZnUjzRaPmNm22wKdOAD+NPYAzLk5K5OPWozG62/lsuHRtrAeob/AOtTutyeeAtd6Z4bVmHeYpkMDj8hV2GwhOT5xbcORmqUYyknP8TVqW0ME9rG7RISRzxVxVyW7Ii/sxgzMLhufVRSDTGXcwmG9u5XirX2K2/54rQbKEfdVl/3XIq+UOYp/wBnTjP75Dz1K0DTZUUKkqbfVgati0T/AJ6z/wDf1v8AGl+yJ/z0n/7+t/jS5AuVI9OmXAeZGA9F5pE0uRFCedwOny1c+yR93mPsZWP9aBZW3eIE+9HKK5WTTAkhdpmOR6YqGayit7eRkuCW+8FyOTV/7Fbf88VqC+jijtDsRVO5QDik42Q07mRNxa3MfPyoWX+YrXtkWO1iRPuhFAx9KzpQqsHIJz8p+hqbTLgCNbRziWIbRn+JR0P5VyV12PRwU1qjRopCcd6YZkVsM3Pt2rmPRHMjStFEgJd5FVQPXPFfS9shjt40Y5KqAfyryH4d+E59Q1KLXL2MpZ2x3W6MMGWTs3+6v6n6V7EoxQA6iiigAooooAKKKKACiiigAooooAKKKKACiiigAooooAKKKKACiiigAooooAKKKKACiiigAooooAKKKKACiiigAooooAKKKKACmH7poooW4nsfMfiwCPxJqgQBR9qbheP4qzP+Xg/7lFFd8djwanxMev3fxNaGmf8AHmP95v50UVrHch7F2k70UVoQLRRRQAlLRRQAVnaz/wAei/79FFTLYcNyhdf8er/7tVtT+WJWHDA8EdaKKwnsdGH+IzTLJIx3yO3y/wATE19A/DPT7L+xhJ9jt97xrubyhlvqcc0UVxSPZgekRoqooCgDHQCnL1NFFSWOooooAKKKKACiiigAooooAKKKKACiiigAooooAKKKKACiiigD/9k=\" style=\"max-width:100%;\"></span></p><p><br></p>','2020-04-22 19:06:19',1,1,'');

/*Table structure for table `replies_info` */

CREATE TABLE `replies_info` (
  `rid` int NOT NULL AUTO_INCREMENT,
  `uid` int NOT NULL,
  `pid` int NOT NULL,
  `rtime` datetime NOT NULL,
  `rtext` text CHARACTER SET utf8 COLLATE utf8_bin NOT NULL,
  PRIMARY KEY (`rid`,`uid`,`pid`)
) ENGINE=InnoDB AUTO_INCREMENT=7 DEFAULT CHARSET=utf8 COLLATE=utf8_bin;

/*Data for the table `replies_info` */

insert  into `replies_info`(`rid`,`uid`,`pid`,`rtime`,`rtext`) values (1,1,1,'2020-04-18 09:30:25','123456'),(2,3,8,'2020-04-22 22:02:44','图片不好看'),(3,3,8,'2020-04-22 22:12:01','有时候好看'),(4,1,1,'2020-04-25 14:36:35','谢谢你'),(5,3,11,'2020-04-25 14:49:00','你在说啥子'),(6,3,1,'2020-04-25 15:13:55','大佬');

/*Table structure for table `user_info` */

CREATE TABLE `user_info` (
  `uid` int NOT NULL AUTO_INCREMENT,
  `ustu_num` varchar(255) COLLATE utf8_bin NOT NULL,
  `uname` varchar(255) COLLATE utf8_bin NOT NULL,
  `upassword` varchar(255) COLLATE utf8_bin NOT NULL,
  `usex` varchar(255) COLLATE utf8_bin NOT NULL,
  `uimg` varchar(255) COLLATE utf8_bin DEFAULT NULL,
  `utel` varchar(255) COLLATE utf8_bin NOT NULL,
  `uemail` varchar(255) COLLATE utf8_bin NOT NULL,
  `uaddress` varchar(255) COLLATE utf8_bin NOT NULL,
  `usay` int NOT NULL DEFAULT '1',
  `uscore` int DEFAULT NULL,
  PRIMARY KEY (`uid`)
) ENGINE=InnoDB AUTO_INCREMENT=5 DEFAULT CHARSET=utf8 COLLATE=utf8_bin;

/*Data for the table `user_info` */

insert  into `user_info`(`uid`,`ustu_num`,`uname`,`upassword`,`usex`,`uimg`,`utel`,`uemail`,`uaddress`,`usay`,`uscore`) values (1,'201831063356','小李','e10adc3949ba59abbe56e057f20f883e','男','images/deface.jpg','12837393369','xcli@qq.cpm','地球',1,11),(2,'201831063365','小明','e10adc3949ba59abbe56e057f20f883e','男','images/deface.jpg','18596325326','9898989@qw.com','地球',1,0),(3,'201831063311','小红','e10adc3949ba59abbe56e057f20f883e','女','uploadimg/xchs.jpg','10101010101','989898@we.com','地球',1,22);

/*!40101 SET SQL_MODE=@OLD_SQL_MODE */;
/*!40014 SET UNIQUE_CHECKS=@OLD_UNIQUE_CHECKS */;
/*!40111 SET SQL_NOTES=@OLD_SQL_NOTES */;
